[
  {
    "rank": 1,
    "university": "Massachusetts Institute of Technology",
    "country": "USA",
    "score": 5.246
  },
  {
    "rank": 2,
    "university": "Princeton University",
    "country": "USA",
    "score": 8.904
  },
  {
    "rank": 3,
    "university": "University of Oxford",
    "country": "UK",
    "score": 10.48
  },
  {
    "rank": 4,
    "university": "University of Cambridge",
    "country": "UK",
    "score": 12.05
  },
  {
    "rank": 5,
    "university": "Yale University",
    "country": "USA",
    "score": 15.61
  },
  {
    "rank": 6,
    "university": "Harvard University",
    "country": "USA",
    "score": 15.73
  },
  {
    "rank": 7,
    "university": "Tsinghua University",
    "country": "China",
    "score": 17.11
  },
  {
    "rank": 8,
    "university": "ETH Zurich",
    "country": "Switzerland",
    "score": 23.0
  },
  {
    "rank": 9,
    "university": "Technical University of Munich (TUM)",
    "country": "Germany",
    "score": 24.35
  },
  {
    "rank": 10,
    "university": "University of Tokyo",
    "country": "Japan",
    "score": 24.38
  }
]